{"cameraMode":{"drawMode":0,"name":"Shaded","section":"Shading Mode"},"sceneLighting":true,"audioPlay":false,"sceneViewState":{"showFog":true,"showMaterialUpdate":false,"showSkybox":true,"showFlares":true,"showImageEffects":true,"showParticleSystems":true},"in2DMode":false,"pivot":{"x":0.029155194759368898,"y":0.5187646150588989,"z":-0.07053276896476746},"rotation":{"x":0.18729229271411897,"y":-0.6260281205177307,"z":0.15838313102722169,"w":0.740227222442627},"size":1.0232901573181153,"orthographic":false}