{"cameraMode":{"drawMode":0,"name":"Shaded","section":"Shading Mode"},"sceneLighting":false,"audioPlay":false,"sceneViewState":{"showFog":true,"showMaterialUpdate":false,"showSkybox":false,"showFlares":true,"showImageEffects":true,"showParticleSystems":true},"in2DMode":false,"pivot":{"x":-1.2858405113220215,"y":-1.5240440368652344,"z":-1.3858301639556885},"rotation":{"x":0.14285433292388917,"y":-0.8450722098350525,"z":0.27845805883407595,"w":0.433499813079834},"size":4.169868469238281,"orthographic":false}