{"cameraMode":{"drawMode":0,"name":"Shaded","section":"Shading Mode"},"sceneLighting":false,"audioPlay":false,"sceneViewState":{"showFog":true,"showMaterialUpdate":false,"showSkybox":false,"showFlares":true,"showImageEffects":true,"showParticleSystems":true},"in2DMode":false,"pivot":{"x":0.011702537536621094,"y":0.6916968822479248,"z":-0.015107862651348114},"rotation":{"x":0.06366779655218125,"y":0.9179590940475464,"z":-0.16449043154716493,"w":0.35530439019203188},"size":3.4520761966705324,"orthographic":false}