{"cameraMode":{"drawMode":0,"name":"Shaded","section":"Shading Mode"},"sceneLighting":false,"audioPlay":false,"sceneViewState":{"showFog":true,"showMaterialUpdate":false,"showSkybox":false,"showFlares":true,"showImageEffects":true,"showParticleSystems":true},"in2DMode":false,"pivot":{"x":0.1003413200378418,"y":0.7016251683235169,"z":-0.3083028793334961},"rotation":{"x":0.06480427086353302,"y":-0.9352014660835266,"z":0.24859072268009187,"w":0.24375706911087037},"size":1.4270834922790528,"orthographic":false}