{"cameraMode":{"drawMode":0,"name":"Shaded","section":"Shading Mode"},"sceneLighting":false,"audioPlay":false,"sceneViewState":{"showFog":true,"showMaterialUpdate":false,"showSkybox":false,"showFlares":true,"showImageEffects":true,"showParticleSystems":true},"in2DMode":false,"pivot":{"x":0.011702537536621094,"y":0.6916968822479248,"z":-0.015107862651348114},"rotation":{"x":0.14285433292388917,"y":-0.8450722098350525,"z":0.27845805883407595,"w":0.433499813079834},"size":3.4520761966705324,"orthographic":false}