{"cameraMode":{"drawMode":0,"name":"Shaded","section":"Shading Mode"},"sceneLighting":false,"audioPlay":false,"sceneViewState":{"showFog":true,"showMaterialUpdate":false,"showSkybox":false,"showFlares":true,"showImageEffects":true,"showParticleSystems":true},"in2DMode":false,"pivot":{"x":0.011702537536621094,"y":0.6916968822479248,"z":-0.015107862651348114},"rotation":{"x":0.03461267054080963,"y":-0.10474831610918045,"z":0.0036356260534375908,"w":0.9938961863517761},"size":3.4520761966705324,"orthographic":false}