{"cameraMode":{"drawMode":0,"name":"Shaded","section":"Shading Mode"},"sceneLighting":false,"audioPlay":false,"sceneViewState":{"showFog":true,"showMaterialUpdate":false,"showSkybox":false,"showFlares":true,"showImageEffects":true,"showParticleSystems":true},"in2DMode":false,"pivot":{"x":0.2652727961540222,"y":0.6619179248809815,"z":-0.25809112191200259},"rotation":{"x":0.06480427086353302,"y":-0.9352014660835266,"z":0.24859072268009187,"w":0.24375706911087037},"size":0.8155578970909119,"orthographic":false}