{"cameraMode":{"drawMode":0,"name":"Shaded","section":"Shading Mode"},"sceneLighting":false,"audioPlay":false,"sceneViewState":{"showFog":true,"showMaterialUpdate":false,"showSkybox":false,"showFlares":true,"showImageEffects":true,"showParticleSystems":true},"in2DMode":false,"pivot":{"x":0.9554080963134766,"y":0.8120954632759094,"z":-0.6677341461181641},"rotation":{"x":-0.01855834387242794,"y":-0.9733649492263794,"z":0.08520153164863587,"w":-0.2120734304189682},"size":3.152076244354248,"orthographic":false}