{"cameraMode":{"drawMode":0,"name":"Shaded","section":"Shading Mode"},"sceneLighting":false,"audioPlay":false,"sceneViewState":{"showFog":true,"showMaterialUpdate":false,"showSkybox":false,"showFlares":true,"showImageEffects":true,"showParticleSystems":true},"in2DMode":false,"pivot":{"x":-0.22327756881713868,"y":0.8018085956573486,"z":0.8139199614524841},"rotation":{"x":0.03461267054080963,"y":-0.10474831610918045,"z":0.0036356260534375908,"w":0.9938961863517761},"size":2.852076530456543,"orthographic":false}