{"cameraMode":{"drawMode":0,"name":"Shaded","section":"Shading Mode"},"sceneLighting":false,"audioPlay":false,"sceneViewState":{"showFog":true,"showMaterialUpdate":false,"showSkybox":false,"showFlares":true,"showImageEffects":true,"showParticleSystems":true},"in2DMode":false,"pivot":{"x":0.011702537536621094,"y":0.6916968822479248,"z":-0.015107862651348114},"rotation":{"x":-0.06543900817632675,"y":-0.7697685956954956,"z":0.6299144625663757,"w":-0.07998016476631165},"size":3.4520761966705324,"orthographic":false}